<?xml version="1.0" encoding="UTF-8"?>
<rss version="2.0" xmlns:ror="http://rorweb.com/0.1/" >
<channel>
  <title>ROR Sitemap for https://sky4k.top/</title>
  <link>https://sky4k.top/</link>

<item>
     <link>https://sky4k.top/</link>
     <title>Sky4K | 天空4K - Stream Live TV, VOD, Music, Radio For FREE Anytime, Anywhere.</title>
     <description>Sky4K | 天空4K ( sky4k.top ) is FREE and exclusive for all of you. Download Sky4K now and start streaming the entertainment that you love anytime, anywhere.</description>
     <ror:updatePeriod></ror:updatePeriod>
     <ror:sortOrder>0</ror:sortOrder>
     <ror:resourceOf>sitemap</ror:resourceOf>
</item>
<item>
     <link>https://sky4k.top/index.html</link>
     <title>Sky4K | 天空4K - Stream Live TV, VOD, Music, Radio For FREE Anytime, Anywhere.</title>
     <description>Sky4K | 天空4K ( sky4k.top ) is FREE and exclusive for all of you. Download Sky4K now and start streaming the entertainment that you love anytime, anywhere.</description>
     <ror:updatePeriod></ror:updatePeriod>
     <ror:sortOrder>1</ror:sortOrder>
     <ror:resourceOf>sitemap</ror:resourceOf>
</item>
<item>
     <link>https://sky4k.top/about-us/</link>
     <title>About Us - Sky4K | 天空4K</title>
     <description>Sky4K | 天空4K Help &amp; Support - Find out about technical issues for TV &amp; Broadband; manage and understand your Sky4K | 天空4K account and offerings, read FAQs &amp; more.</description>
     <ror:updatePeriod></ror:updatePeriod>
     <ror:sortOrder>1</ror:sortOrder>
     <ror:resourceOf>sitemap</ror:resourceOf>
</item>
<item>
     <link>https://sky4k.top/blog/</link>
     <title></title>
     
     <ror:updatePeriod></ror:updatePeriod>
     <ror:sortOrder>1</ror:sortOrder>
     <ror:resourceOf>sitemap</ror:resourceOf>
</item>
<item>
     <link>https://sky4k.top/contact-us/</link>
     <title>Contact Us - Sky4K | 天空4K</title>
     <description>Share your views and feedback with us. You can contact us via Telegram @sky4ktv or self-help.</description>
     <ror:updatePeriod></ror:updatePeriod>
     <ror:sortOrder>1</ror:sortOrder>
     <ror:resourceOf>sitemap</ror:resourceOf>
</item>
<item>
     <link>https://sky4k.top/faq/</link>
     <title>Help &amp; Support | Frequently Asked Questions (FAQ) - Sky4K | 天空4K</title>
     <description>Sky4K | 天空4K Help &amp; Support - Find out about technical issues for TV &amp; Broadband; manage and understand your Sky4K | 天空4K account and offerings, read FAQs &amp; more.</description>
     <ror:updatePeriod></ror:updatePeriod>
     <ror:sortOrder>1</ror:sortOrder>
     <ror:resourceOf>sitemap</ror:resourceOf>
</item>
<item>
     <link>https://sky4k.top/privacy-policy/</link>
     <title>Privacy Policy - Sky4K | 天空4K</title>
     <description>Read about Sky4K | 天空4K Privacy Policy regarding Personal Data and other information that is collected when you access and/or use our services.</description>
     <ror:updatePeriod></ror:updatePeriod>
     <ror:sortOrder>1</ror:sortOrder>
     <ror:resourceOf>sitemap</ror:resourceOf>
</item>
<item>
     <link>https://sky4k.top/status/</link>
     <title>System Status - Sky4K | 天空4K</title>
     <description>Check whether Sky4K | 天空4K server is down right now or having outage problems for everyone or just for you.</description>
     <ror:updatePeriod></ror:updatePeriod>
     <ror:sortOrder>1</ror:sortOrder>
     <ror:resourceOf>sitemap</ror:resourceOf>
</item>
<item>
     <link>https://sky4k.top/download/</link>
     <title>[Official] Download Sky4K | 天空4K </title>
     <description>Complimentary app for all of your. Stream your favourite movies and tv shows on mobile, tablet and laptop on the go, anywhere you want.</description>
     <ror:updatePeriod></ror:updatePeriod>
     <ror:sortOrder>1</ror:sortOrder>
     <ror:resourceOf>sitemap</ror:resourceOf>
</item>
<item>
     <link>https://sky4k.top/about-us/index.html</link>
     <title>About Us - Sky4K | 天空4K</title>
     <description>Sky4K | 天空4K Help &amp; Support - Find out about technical issues for TV &amp; Broadband; manage and understand your Sky4K | 天空4K account and offerings, read FAQs &amp; more.</description>
     <ror:updatePeriod></ror:updatePeriod>
     <ror:sortOrder>2</ror:sortOrder>
     <ror:resourceOf>sitemap</ror:resourceOf>
</item>
<item>
     <link>https://sky4k.top/contact-us/index.html</link>
     <title>Contact Us - Sky4K | 天空4K</title>
     <description>Share your views and feedback with us. You can contact us via Telegram @sky4ktv or self-help.</description>
     <ror:updatePeriod></ror:updatePeriod>
     <ror:sortOrder>2</ror:sortOrder>
     <ror:resourceOf>sitemap</ror:resourceOf>
</item>
<item>
     <link>https://sky4k.top/faq/index.html</link>
     <title>Help &amp; Support | Frequently Asked Questions (FAQ) - Sky4K | 天空4K</title>
     <description>Sky4K | 天空4K Help &amp; Support - Find out about technical issues for TV &amp; Broadband; manage and understand your Sky4K | 天空4K account and offerings, read FAQs &amp; more.</description>
     <ror:updatePeriod></ror:updatePeriod>
     <ror:sortOrder>2</ror:sortOrder>
     <ror:resourceOf>sitemap</ror:resourceOf>
</item>
<item>
     <link>https://sky4k.top/privacy-policy/index.html</link>
     <title>Privacy Policy - Sky4K | 天空4K</title>
     <description>Read about Sky4K | 天空4K Privacy Policy regarding Personal Data and other information that is collected when you access and/or use our services.</description>
     <ror:updatePeriod></ror:updatePeriod>
     <ror:sortOrder>2</ror:sortOrder>
     <ror:resourceOf>sitemap</ror:resourceOf>
</item>
<item>
     <link>https://sky4k.top/status/index.html</link>
     <title>System Status - Sky4K | 天空4K</title>
     <description>Check whether Sky4K | 天空4K server is down right now or having outage problems for everyone or just for you.</description>
     <ror:updatePeriod></ror:updatePeriod>
     <ror:sortOrder>2</ror:sortOrder>
     <ror:resourceOf>sitemap</ror:resourceOf>
</item>
<item>
     <link>https://sky4k.top/download/index.html</link>
     <title>[Official] Download Sky4K | 天空4K </title>
     <description>Complimentary app for all of your. Stream your favourite movies and tv shows on mobile, tablet and laptop on the go, anywhere you want.</description>
     <ror:updatePeriod></ror:updatePeriod>
     <ror:sortOrder>2</ror:sortOrder>
     <ror:resourceOf>sitemap</ror:resourceOf>
</item>
</channel>
</rss>
  